Date,BTC.Open,BTC.High,BTC.Low,BTC.Close,LTC.Open,LTC.High,LTC.Low,LTC.Close,XRP.Open,XRP.High,XRP.Low,XRP.Close,ETH.Open,ETH.High,ETH.Low,ETH.Close,Date,Close*
12/1/16 0:00,742.01,754.75,741.88,753.25,3.91,3.92,3.89,3.91,0.006723,0.006737,0.006702,0.006702,8.6,8.65,8.36,8.45,12/1/16 0:00,"2,191.08"
12/2/16 0:00,753.25,778.14,753.15,771.41,3.92,3.96,3.92,3.95,0.006707,0.006906,0.006615,0.00666,8.46,8.46,7.42,7.76,12/2/16 0:00,"2,191.95"
12/3/16 0:00,771.41,771.47,757.83,764.97,3.95,3.95,3.91,3.92,0.006712,0.00689,0.006588,0.006588,7.77,8.15,7.67,7.92,12/5/16 0:00,"2,204.71"
12/4/16 0:00,764.97,767.24,761.4,766.46,3.93,3.95,3.9,3.9,0.006592,0.006594,0.006519,0.006527,7.9,7.95,7.44,7.44,12/6/16 0:00,"2,212.23"
12/5/16 0:00,766.46,766.83,745.7,750.71,3.88,3.92,3.33,3.53,0.006525,0.006761,0.006419,0.006434,7.41,7.64,6.66,6.82,12/7/16 0:00,"2,241.35"
12/6/16 0:00,750.71,759.89,750.54,758.81,3.49,3.56,3.49,3.54,0.006435,0.006655,0.006417,0.006655,6.8,7.92,5.98,7.87,12/8/16 0:00,"2,246.19"
12/7/16 0:00,758.81,768.32,752.16,763.9,3.54,3.63,3.51,3.62,0.006653,0.006851,0.006565,0.006851,7.89,8.54,7.33,8.38,12/9/16 0:00,"2,259.53"
12/8/16 0:00,763.9,771.42,761.46,766.75,3.6,3.73,3.6,3.69,0.006849,0.007156,0.006829,0.007097,8.38,8.86,8.23,8.23,12/12/16 0:00,"2,256.96"
12/9/16 0:00,766.75,772.47,766.27,770.41,3.69,3.71,3.68,3.69,0.007091,0.007162,0.007007,0.007135,8.17,8.67,8.05,8.45,12/13/16 0:00,"2,271.72"
12/10/16 0:00,770.41,775.09,770.25,773.21,3.69,3.7,3.64,3.68,0.007138,0.007145,0.006816,0.006816,8.44,8.53,8.02,8.13,12/14/16 0:00,"2,253.28"
12/11/16 0:00,773.21,773.31,763.32,768.62,3.69,3.69,3.63,3.64,0.006816,0.006998,0.006731,0.006744,8.13,8.27,8.1,8.19,12/15/16 0:00,"2,262.03"
12/12/16 0:00,768.62,779.35,768.62,777.91,3.64,3.67,3.62,3.66,0.006744,0.006809,0.006743,0.006778,8.19,8.61,8.17,8.52,12/16/16 0:00,"2,258.07"
12/13/16 0:00,777.91,788.49,766.9,775.25,3.67,3.7,3.65,3.65,0.00678,0.006781,0.006678,0.006708,8.52,8.53,8.35,8.42,12/19/16 0:00,"2,262.53"
12/14/16 0:00,775.25,779.6,771.39,776.64,3.66,3.66,3.59,3.62,0.006704,0.006753,0.00669,0.006705,8.45,8.52,8.25,8.27,12/20/16 0:00,"2,270.76"
12/15/16 0:00,776.64,778.22,774.94,775.48,3.61,3.65,3.6,3.62,0.006699,0.006699,0.006606,0.006662,8.24,8.24,7.72,7.83,12/21/16 0:00,"2,265.18"
12/16/16 0:00,775.48,781.54,772.77,780.85,3.63,3.65,3.61,3.63,0.006662,0.006791,0.006661,0.00671,7.86,7.93,7.8,7.86,12/22/16 0:00,"2,260.96"
12/17/16 0:00,780.85,790.84,780.7,788.58,3.63,3.71,3.61,3.7,0.006704,0.006711,0.006535,0.006541,7.86,7.9,7.52,7.88,12/23/16 0:00,"2,263.79"
12/18/16 0:00,788.58,790.09,785.24,788.59,3.7,3.71,3.66,3.68,0.006541,0.00658,0.006533,0.006574,7.86,7.93,7.72,7.87,12/27/16 0:00,"2,268.88"
12/19/16 0:00,788.59,792.28,788.57,790.16,3.68,3.68,3.65,3.66,0.006582,0.006582,0.006534,0.006545,7.87,7.87,7.63,7.64,12/28/16 0:00,"2,249.92"
12/20/16 0:00,790.16,800.46,788.45,798.78,3.66,3.66,3.64,3.66,0.00654,0.006543,0.006481,0.0065,7.63,7.75,7.57,7.66,12/29/16 0:00,"2,249.26"
12/21/16 0:00,798.78,833.3,797.46,833.1,3.66,3.69,3.65,3.65,0.006498,0.006498,0.006417,0.006445,7.66,7.94,7.66,7.91,12/30/16 0:00,"2,238.83"
12/22/16 0:00,833.1,874.1,829.84,858.74,3.67,3.75,3.66,3.71,0.006452,0.006466,0.006324,0.006363,7.9,7.91,7.5,7.58,1/3/17 0:00,"2,257.83"
12/23/16 0:00,858.74,918.95,858.62,916.79,3.72,4.66,3.71,4.66,0.006362,0.006436,0.006281,0.006286,7.58,7.69,7.16,7.17,1/4/17 0:00,"2,270.75"
12/24/16 0:00,916.79,917.55,883.27,894.2,4.65,4.77,4.42,4.55,0.006275,0.006371,0.006234,0.006349,7.15,7.41,7.15,7.27,1/5/17 0:00,"2,269.00"
12/25/16 0:00,894.2,896.14,858.04,894.48,4.56,4.57,4.22,4.35,0.00635,0.006453,0.006334,0.006444,7.26,7.34,7.14,7.18,1/6/17 0:00,"2,276.98"
12/26/16 0:00,894.48,909.85,893.62,902.55,4.35,4.47,4.28,4.36,0.006443,0.006481,0.006323,0.006326,7.13,7.33,7.05,7.27,1/9/17 0:00,"2,268.90"
12/27/16 0:00,902.55,938.13,900.03,931.11,4.37,4.58,4.33,4.47,0.006326,0.006326,0.006188,0.006199,7.28,7.32,7.09,7.17,1/10/17 0:00,"2,268.90"
12/28/16 0:00,931.11,978.01,931.11,978.01,4.49,4.67,4.49,4.57,0.006193,0.006336,0.006126,0.006173,7.15,7.62,7.08,7.52,1/11/17 0:00,"2,275.32"
12/29/16 0:00,978.01,982.87,949.62,969.62,4.58,4.63,4.51,4.56,0.00618,0.006354,0.006167,0.006341,7.54,8.53,7.54,8.28,1/12/17 0:00,"2,270.44"
12/30/16 0:00,969.62,969.62,928.99,960.47,4.56,4.56,4.29,4.39,0.006352,0.006455,0.006338,0.006426,8.29,8.47,8.05,8.16,1/13/17 0:00,"2,274.64"
12/31/16 0:00,960.47,968.23,945.74,968.23,4.39,4.4,4.29,4.33,0.006417,0.006538,0.006387,0.006449,8.15,8.16,7.91,7.97,1/17/17 0:00,"2,267.89"
1/1/17 0:00,968.23,1003.25,962.58,997.69,4.33,4.52,4.33,4.51,0.006523,0.006702,0.006334,0.006368,7.98,8.47,7.98,8.17,1/18/17 0:00,"2,271.89"
1/2/17 0:00,997.69,1034.1,996.44,1018.05,4.52,4.74,4.48,4.65,0.006386,0.006437,0.006281,0.006311,8.17,8.44,8.05,8.38,1/19/17 0:00,"2,263.69"
1/3/17 0:00,1018.05,1036.14,1013.38,1030.82,4.66,4.73,4.56,4.63,0.00629,0.006392,0.006278,0.006386,8.37,10,8.32,9.73,1/20/17 0:00,"2,271.31"
1/4/17 0:00,1030.82,1141.16,1030.82,1129.87,4.63,4.84,4.63,4.84,0.006385,0.006656,0.006385,0.00657,9.71,11.28,9.56,11.25,1/23/17 0:00,"2,265.20"
1/5/17 0:00,1129.87,1153.02,887.46,1005.81,4.91,4.95,4.23,4.29,0.006572,0.00658,0.006031,0.006201,11.29,11.89,9.4,10.25,1/24/17 0:00,"2,280.07"
1/6/17 0:00,1005.81,1029.17,867.16,895.67,4.3,4.35,3.84,3.86,0.006197,0.006394,0.006109,0.006315,10.29,10.63,9.63,10.25,1/25/17 0:00,"2,298.37"
1/7/17 0:00,895.67,906.04,816.36,905.17,3.86,3.96,3.61,3.96,0.006351,0.006404,0.006133,0.006366,10.24,10.28,9.59,9.87,1/26/17 0:00,"2,296.68"
1/8/17 0:00,905.17,942.06,888.2,913.52,3.96,4.02,3.9,3.99,0.006383,0.006383,0.006232,0.006233,9.87,10.39,9.83,10.29,1/27/17 0:00,"2,294.69"
1/9/17 0:00,913.52,913.52,878.1,899.35,4,4.36,3.93,4.3,0.006239,0.006294,0.006127,0.006167,10.31,10.78,10.14,10.33,1/30/17 0:00,"2,280.90"
1/10/17 0:00,899.35,914.02,897.57,904.79,4.3,4.68,4.29,4.59,0.006157,0.006815,0.006148,0.006698,10.37,10.69,10.29,10.55,1/31/17 0:00,"2,278.87"
1/11/17 0:00,904.79,919.56,752.11,775.98,4.6,4.64,3.8,3.85,0.006708,0.006721,0.006312,0.006411,10.54,10.66,9.46,9.72,2/1/17 0:00,"2,279.55"
1/12/17 0:00,775.98,828.09,746.68,802.83,3.84,4.02,3.78,3.96,0.006417,0.006851,0.006351,0.006423,9.72,10.08,9.18,9.86,2/2/17 0:00,"2,280.85"
1/13/17 0:00,802.83,829.81,774.36,826.12,3.95,3.96,3.8,3.89,0.006434,0.006664,0.006396,0.006596,9.83,9.85,9.51,9.77,2/3/17 0:00,"2,297.42"
1/14/17 0:00,826.12,839.23,810.64,818.64,3.89,3.95,3.87,3.9,0.00661,0.006872,0.006585,0.006863,9.79,9.89,9.44,9.65,2/6/17 0:00,"2,292.56"
1/15/17 0:00,818.64,823.16,810.01,822.42,3.89,3.95,3.88,3.93,0.006867,0.006925,0.006726,0.006726,9.83,10,9.6,9.9,2/7/17 0:00,"2,293.08"
1/16/17 0:00,822.42,834.7,820.05,830.26,3.92,3.96,3.87,3.9,0.006747,0.006836,0.006717,0.006788,9.88,9.93,9.58,9.64,2/8/17 0:00,"2,294.67"
1/17/17 0:00,830.26,908.13,828.58,904.45,3.91,3.95,3.85,3.94,0.006772,0.006848,0.006612,0.0068,9.64,10.61,9.54,10.3,2/9/17 0:00,"2,307.87"
1/18/17 0:00,904.45,914.8,848.61,884.25,3.94,3.95,3.78,3.84,0.00679,0.007125,0.006659,0.006709,10.3,10.52,9.94,10.23,2/10/17 0:00,"2,316.10"
1/19/17 0:00,884.25,905.42,879.59,898.02,3.84,3.93,3.81,3.86,0.006713,0.00704,0.006671,0.007034,10.24,10.44,10.18,10.4,2/13/17 0:00,"2,328.25"
1/20/17 0:00,898.02,899.38,882.3,891.62,3.86,3.91,3.84,3.89,0.007032,0.00716,0.00661,0.006675,10.39,10.76,10.35,10.6,2/14/17 0:00,"2,337.58"
1/21/17 0:00,891.62,927.24,891.09,920.01,3.89,3.92,3.89,3.9,0.006694,0.006824,0.006678,0.006706,10.6,10.98,10.58,10.91,2/15/17 0:00,"2,349.25"
1/22/17 0:00,920.01,939.27,893.01,925.33,3.9,3.92,3.82,3.84,0.006706,0.006759,0.006653,0.006713,10.91,10.97,10.58,10.7,2/16/17 0:00,"2,347.22"
1/23/17 0:00,925.33,927,912.69,912.69,3.86,3.86,3.82,3.84,0.006718,0.006735,0.006662,0.006697,10.71,10.84,10.67,10.82,2/17/17 0:00,"2,351.16"
1/24/17 0:00,912.69,922.15,884.79,885.65,3.84,3.84,3.78,3.79,0.006708,0.006718,0.006534,0.00654,10.73,10.77,10.57,10.63,2/21/17 0:00,"2,365.38"
1/25/17 0:00,885.65,902.73,885.65,894.11,3.79,3.8,3.69,3.71,0.006527,0.006594,0.00649,0.006513,10.62,10.62,10.48,10.57,2/22/17 0:00,"2,362.82"
1/26/17 0:00,894.11,919.13,894.02,915.1,3.71,3.84,3.71,3.83,0.006511,0.007073,0.006425,0.00669,10.57,10.67,10.51,10.59,2/23/17 0:00,"2,363.81"
1/27/17 0:00,915.1,921.57,909.4,918.56,3.84,3.86,3.81,3.86,0.006685,0.006815,0.006331,0.006415,10.58,10.61,10.44,10.54,2/24/17 0:00,"2,367.34"
1/28/17 0:00,918.56,921.59,917.5,920.28,3.85,3.87,3.84,3.85,0.006409,0.006419,0.006323,0.006342,10.54,10.58,10.43,10.56,2/27/17 0:00,"2,369.75"
1/29/17 0:00,920.28,922.06,914,914.04,3.85,3.86,3.84,3.85,0.006356,0.006493,0.006287,0.006402,10.56,10.57,10.45,10.48,2/28/17 0:00,"2,363.64"
1/30/17 0:00,914.04,921.58,912.95,920.24,3.86,4.02,3.86,4.02,0.006402,0.006468,0.006353,0.006381,10.49,10.71,10.47,10.57,3/1/17 0:00,"2,395.96"
1/31/17 0:00,920.24,970.19,920.24,967.67,4.02,4.1,4.02,4.08,0.00639,0.006411,0.006297,0.006314,10.56,10.75,10.54,10.73,3/2/17 0:00,"2,381.92"
2/1/17 0:00,967.67,987.35,964.41,987.35,4.08,4.13,4.03,4.08,0.006311,0.006642,0.006249,0.00654,10.74,10.85,10.56,10.73,3/3/17 0:00,"2,383.12"
2/2/17 0:00,987.35,1010.08,977.52,1007.79,4.08,4.09,4.02,4.09,0.00654,0.00663,0.006381,0.006469,10.74,10.89,10.55,10.82,3/6/17 0:00,"2,375.31"
2/3/17 0:00,1007.79,1024.14,995.87,1018.11,4.08,4.11,4.04,4.08,0.006466,0.00651,0.006401,0.006474,10.81,11.11,10.76,11.11,3/7/17 0:00,"2,368.39"
2/4/17 0:00,1018.11,1040.09,1004.38,1033.65,4.08,4.1,4.02,4.06,0.006487,0.006528,0.006429,0.006492,11.13,11.5,11.13,11.43,3/8/17 0:00,"2,362.98"
2/5/17 0:00,1033.65,1033.65,1006.52,1013.99,4.07,4.07,4.02,4.04,0.006494,0.006563,0.006403,0.006442,11.44,11.49,11.32,11.35,3/9/17 0:00,"2,364.87"
2/6/17 0:00,1013.99,1030.4,1012.9,1024.61,4.06,4.08,4.04,4.04,0.006439,0.006494,0.006397,0.00645,11.35,11.48,11.34,11.39,3/10/17 0:00,"2,372.60"
2/7/17 0:00,1024.61,1054.73,1023.99,1052.54,4.05,4.08,4.04,4.04,0.006437,0.006509,0.006378,0.006407,11.43,11.61,11.41,11.52,3/13/17 0:00,"2,373.47"
2/8/17 0:00,1052.54,1069.99,1018.19,1054.34,4.05,4.08,3.97,4.02,0.006407,0.007833,0.006402,0.006438,11.54,11.63,11.24,11.43,3/14/17 0:00,"2,365.45"
2/9/17 0:00,1054.34,1077.76,942.45,988.95,4.03,4.08,3.71,3.8,0.006433,0.006484,0.006193,0.006374,11.44,11.6,10.67,11.03,3/15/17 0:00,"2,385.26"
2/10/17 0:00,988.95,1000.99,954.28,993.08,3.8,3.81,3.7,3.78,0.006367,0.0067,0.006192,0.006289,11.04,11.34,10.78,11.28,3/16/17 0:00,"2,381.38"
2/11/17 0:00,993.08,1016,987.81,1010,3.78,3.8,3.77,3.79,0.00629,0.006395,0.006273,0.006333,11.29,11.43,11.24,11.35,3/17/17 0:00,"2,378.25"
2/12/17 0:00,1010,1010,997.46,999.51,3.8,3.8,3.75,3.76,0.006328,0.006364,0.006269,0.006269,11.35,11.4,11.3,11.4,3/20/17 0:00,"2,373.47"
2/13/17 0:00,999.51,1007.28,976.29,996.86,3.77,3.77,3.7,3.72,0.006267,0.006338,0.006228,0.006251,11.38,11.39,11.17,11.27,3/21/17 0:00,"2,344.02"
2/14/17 0:00,996.86,1016.44,987.33,1009.25,3.72,3.77,3.71,3.77,0.00624,0.006352,0.00624,0.006278,11.29,13.33,11.29,13.03,3/22/17 0:00,"2,348.45"
2/15/17 0:00,1009.25,1011.33,1001,1009.12,3.77,3.82,3.76,3.81,0.006279,0.006302,0.006095,0.006147,13.04,13.04,12.64,12.92,3/23/17 0:00,"2,345.96"
2/16/17 0:00,1009.12,1039.85,1008.79,1034.08,3.8,3.82,3.78,3.79,0.006138,0.006244,0.005988,0.006027,12.92,12.92,12.54,12.9,3/24/17 0:00,"2,343.98"
2/17/17 0:00,1034.08,1058.27,1027.99,1053.12,3.78,3.84,3.77,3.83,0.005939,0.006095,0.005872,0.005935,12.9,12.91,12.66,12.68,3/27/17 0:00,"2,341.59"
2/18/17 0:00,1053.12,1066.84,1050.71,1058.41,3.83,3.83,3.78,3.79,0.005949,0.006014,0.005427,0.005569,12.71,12.83,12.68,12.81,3/28/17 0:00,"2,358.57"
2/19/17 0:00,1058.41,1061.32,1045.31,1052.82,3.79,3.79,3.74,3.76,0.005589,0.005892,0.00557,0.005878,12.82,12.87,12.71,12.76,3/29/17 0:00,"2,361.13"
2/20/17 0:00,1052.82,1084.5,1045.8,1083.24,3.77,3.78,3.75,3.77,0.005879,0.005949,0.00574,0.005873,12.77,12.9,12.43,12.43,3/30/17 0:00,"2,368.06"
2/21/17 0:00,1083.24,1126.49,1078.02,1123.66,3.76,3.8,3.76,3.78,0.005871,0.005909,0.005735,0.005832,12.34,12.77,12.21,12.67,3/31/17 0:00,"2,362.72"
2/22/17 0:00,1123.66,1135.86,1101.9,1122.19,3.79,3.84,3.78,3.81,0.005849,0.005887,0.005817,0.00586,12.69,12.76,12.55,12.6,4/3/17 0:00,"2,358.84"
2/23/17 0:00,1122.19,1186.33,1119.41,1178.38,3.8,3.85,3.8,3.84,0.005856,0.005943,0.005798,0.005895,12.6,13.21,12.56,13.12,4/4/17 0:00,"2,360.16"
2/24/17 0:00,1178.38,1206.6,1101.38,1180.92,3.83,3.88,3.82,3.85,0.005883,0.005919,0.005644,0.005701,13.13,13.23,12.88,13.07,4/5/17 0:00,"2,352.95"
2/25/17 0:00,1180.92,1184.18,1126.26,1151.58,3.85,3.86,3.81,3.83,0.0057,0.005743,0.005628,0.005665,13.06,13.72,12.98,13.55,4/6/17 0:00,"2,357.49"
2/26/17 0:00,1151.58,1183.35,1133.23,1179.97,3.82,3.85,3.8,3.83,0.005664,0.005733,0.005651,0.005671,13.52,14.54,13.4,14.52,4/7/17 0:00,"2,355.54"
2/27/17 0:00,1179.97,1196.8,1173.09,1194.28,3.81,3.83,3.8,3.8,0.005665,0.005696,0.005608,0.005609,14.51,15.68,14.27,15.4,4/10/17 0:00,"2,357.16"
2/28/17 0:00,1194.28,1210.16,1176.9,1190.89,3.8,3.82,3.76,3.77,0.005608,0.005631,0.005438,0.005536,15.45,16.06,15.12,15.82,4/11/17 0:00,"2,353.78"
3/1/17 0:00,1190.89,1230.02,1187.33,1230.02,3.77,3.81,3.76,3.8,0.005525,0.005547,0.005372,0.005408,15.85,17.37,15.56,17.35,4/12/17 0:00,"2,344.93"
3/2/17 0:00,1230.02,1284.33,1216.03,1260.92,3.8,4.11,3.78,3.92,0.005419,0.006217,0.005408,0.005991,17.36,19.35,16.95,19.03,4/13/17 0:00,"2,328.95"
3/3/17 0:00,1260.92,1293.47,1258.49,1290.79,3.92,4,3.9,3.92,0.005988,0.006346,0.005968,0.006339,19.04,20.67,18.41,19.46,4/17/17 0:00,"2,349.01"
3/4/17 0:00,1290.79,1290.79,1239.57,1267.68,3.91,3.92,3.86,3.88,0.006354,0.006497,0.006278,0.006299,19.52,20.05,18.62,18.62,4/18/17 0:00,"2,342.19"
3/5/17 0:00,1267.68,1277.88,1245.91,1277.68,3.86,3.9,3.84,3.9,0.00629,0.006389,0.006129,0.006129,18.5,19.42,18.23,19.3,4/19/17 0:00,"2,338.17"
3/6/17 0:00,1277.68,1285.18,1268.81,1280.87,3.87,3.93,3.86,3.92,0.006129,0.006221,0.006047,0.006057,19.28,20.1,19.11,19.61,4/20/17 0:00,"2,355.84"
3/7/17 0:00,1280.87,1282.44,1188.17,1232.43,3.89,3.91,3.8,3.82,0.006057,0.006577,0.005974,0.006534,19.58,19.63,18.64,18.89,4/21/17 0:00,"2,348.69"
3/8/17 0:00,1232.43,1239.75,1145.89,1150.48,3.81,3.82,3.75,3.78,0.006551,0.006776,0.006363,0.006509,18.88,18.88,16.65,16.65,4/24/17 0:00,"2,374.15"
3/9/17 0:00,1150.48,1208.64,1135.09,1191.81,3.77,3.84,3.76,3.84,0.006485,0.006606,0.006423,0.006498,16.64,17.87,16.37,17.75,4/25/17 0:00,"2,388.61"
3/10/17 0:00,1191.81,1325.81,1022.68,1117.02,3.83,3.88,3.73,3.75,0.006503,0.006546,0.00605,0.006227,17.74,19.66,17.68,19.33,4/26/17 0:00,"2,387.45"
3/11/17 0:00,1117.02,1200.38,1112.14,1181.64,3.76,3.84,3.75,3.8,0.006229,0.006383,0.00613,0.006238,19.37,21.59,19.01,21.47,4/27/17 0:00,"2,388.77"
3/12/17 0:00,1181.64,1237.78,1178.07,1229.5,3.79,3.86,3.78,3.84,0.006214,0.006313,0.006086,0.006255,21.46,23.44,21.38,23.44,4/28/17 0:00,"2,384.20"
3/13/17 0:00,1229.5,1247.26,1216.21,1243.24,3.85,4.25,3.83,4.17,0.006271,0.006429,0.006156,0.006385,23.5,30.6,23.5,28.59,5/1/17 0:00,"2,388.33"
3/14/17 0:00,1243.24,1257.8,1227.11,1246.31,4.17,4.17,4.01,4.06,0.006346,0.006406,0.006277,0.006381,28.57,29.93,27.32,28.65,5/2/17 0:00,"2,391.17"
3/15/17 0:00,1246.31,1260.42,1245.1,1259.6,4.05,4.18,4,4.16,0.00637,0.0065,0.006301,0.006314,28.65,35.06,28.43,35.06,5/3/17 0:00,"2,388.13"
3/16/17 0:00,1259.6,1260.63,1132.45,1172.91,4.15,4.38,4.1,4.24,0.006319,0.006409,0.006213,0.006394,35.36,47.17,35.36,46.35,5/4/17 0:00,"2,389.52"
3/17/17 0:00,1172.91,1172.91,1066.8,1070.13,4.23,4.23,4.04,4.06,0.006406,0.006406,0.00597,0.006116,45.93,55.11,38.21,46.83,5/5/17 0:00,"2,399.29"
3/18/17 0:00,1070.13,1096.88,944.11,970.6,4.04,4.16,3.86,3.97,0.006137,0.007396,0.006118,0.00671,46.87,46.87,31.7,34.16,5/8/17 0:00,"2,399.38"
3/19/17 0:00,970.6,1058.91,970.6,1017.8,3.96,4.03,3.9,3.96,0.006736,0.007198,0.006556,0.006912,35.53,47,35.34,44.74,5/9/17 0:00,"2,396.92"
3/20/17 0:00,1017.8,1052.21,1014.9,1041.34,3.95,4.05,3.89,4.03,0.006915,0.007112,0.006761,0.006975,44.83,46.23,42.44,43.39,5/10/17 0:00,"2,399.63"
3/21/17 0:00,1041.34,1119.07,1041.3,1115.04,4.04,4.04,3.98,4.01,0.006996,0.007075,0.006792,0.006909,43.51,44.26,42.37,43.15,5/11/17 0:00,"2,394.44"
3/22/17 0:00,1115.04,1115.17,990.7,1037.44,3.99,4.01,3.89,3.94,0.006908,0.00746,0.006882,0.007301,43.12,43.52,39.69,42.34,5/12/17 0:00,"2,390.90"
3/23/17 0:00,1037.44,1053.24,1016.83,1029.95,3.93,4,3.92,3.98,0.007284,0.010582,0.007258,0.010582,42.57,44.75,41.3,43.68,5/15/17 0:00,"2,402.32"
3/24/17 0:00,1029.95,1032.34,925.78,935.95,3.97,4.13,3.94,4.08,0.010528,0.010825,0.009135,0.010518,43.64,54.14,43.21,53.11,5/16/17 0:00,"2,400.67"
3/25/17 0:00,935.95,972.27,891.51,964.69,4.07,4.12,3.97,4.07,0.010502,0.010711,0.00904,0.009116,53.58,53.58,48.31,51.25,5/17/17 0:00,"2,357.03"
3/26/17 0:00,964.69,998.56,946.52,965.23,4.07,4.1,4.03,4.06,0.009159,0.00984,0.009079,0.009545,50.77,51.8,49.28,50.52,5/18/17 0:00,"2,365.72"
3/27/17 0:00,965.23,1042.9,958.77,1040.49,4.07,4.14,4.04,4.08,0.009482,0.010053,0.009155,0.009597,51.31,52.46,48.93,49.67,5/19/17 0:00,"2,381.73"
3/28/17 0:00,1040.49,1064.52,1017.17,1044.25,4.07,4.18,4.06,4.16,0.009568,0.009644,0.00928,0.009514,49.71,50.96,49.15,50.77,5/22/17 0:00,"2,394.02"
3/29/17 0:00,1044.25,1056.9,1010.05,1040.39,4.14,4.2,4.09,4.19,0.009526,0.010101,0.00952,0.010101,50.57,53.87,50.55,53.13,5/23/17 0:00,"2,398.42"
3/30/17 0:00,1040.39,1051.85,1023.19,1037.53,4.18,7.04,4.15,6.98,0.010125,0.014126,0.010125,0.013276,53.12,53.31,51.87,52.21,5/24/17 0:00,"2,404.39"
3/31/17 0:00,1037.53,1087.73,1037.52,1079.75,7.02,7.07,5.85,6.67,0.013049,0.021776,0.013049,0.020889,51.75,51.77,47.38,50.04,5/25/17 0:00,"2,415.07"
4/1/17 0:00,1079.75,1103.53,1069.78,1089.51,6.65,6.98,6.31,6.88,0.021743,0.022798,0.019664,0.021892,50.03,51.93,48.88,50.7,5/26/17 0:00,"2,415.82"
4/2/17 0:00,1089.51,1111.24,1077.59,1098.78,6.86,7.94,6.65,7.74,0.021938,0.071441,0.021696,0.061159,50.74,51.27,45.43,48.75,5/30/17 0:00,"2,412.91"
4/3/17 0:00,1098.78,1155.71,1098.77,1147.63,7.74,8.64,7.24,8.07,0.060291,0.061594,0.027447,0.033023,48.82,48.82,43.41,44.36,5/31/17 0:00,"2,411.80"
4/4/17 0:00,1147.63,1161.36,1125.83,1143.75,8.12,8.96,7.53,8.29,0.033032,0.040702,0.028324,0.037455,43.92,45.74,41.72,44.64,6/1/17 0:00,"2,430.06"
4/5/17 0:00,1143.75,1145.82,1113.08,1135,8.25,11.42,7.96,11.09,0.037386,0.040178,0.035214,0.035544,44.66,47.84,44.54,45.3,6/2/17 0:00,"2,439.07"
4/6/17 0:00,1135,1202.82,1135,1190.6,11.12,11.45,9.66,10.25,0.035672,0.036843,0.029463,0.032665,45.22,45.64,40.9,43.24,6/5/17 0:00,"2,436.10"
4/7/17 0:00,1190.6,1202.04,1176.37,1193.02,10.22,10.56,9.19,9.37,0.03274,0.036935,0.030789,0.036319,42.87,44.04,41.65,42.16,6/6/17 0:00,"2,429.33"
4/8/17 0:00,1193.02,1196.94,1170.58,1184.82,9.34,10.35,9.33,9.92,0.036355,0.036894,0.034932,0.035849,41.8,45.21,41.73,44.31,6/7/17 0:00,"2,433.14"
4/9/17 0:00,1184.82,1218.24,1178.4,1210.05,9.89,10.01,8.43,8.71,0.035799,0.035799,0.032327,0.03402,44.28,44.49,42.89,43.27,6/8/17 0:00,"2,433.79"
4/10/17 0:00,1210.05,1219.06,1202.78,1213.34,8.72,9.2,8.19,8.92,0.034123,0.035091,0.032806,0.033598,43.28,44.14,42.42,43.44,6/9/17 0:00,"2,431.77"
4/11/17 0:00,1213.34,1232.15,1204.36,1224.77,8.91,9.28,8.66,8.85,0.033677,0.034576,0.032035,0.032952,43.5,44.25,43.3,43.41,6/12/17 0:00,"2,429.39"
4/12/17 0:00,1224.77,1228.26,1213.65,1216.5,8.83,11.06,8.83,10.79,0.033002,0.034794,0.032477,0.034336,43.46,47.23,43.11,46.29,6/13/17 0:00,"2,440.35"
4/13/17 0:00,1216.5,1222.26,1154.9,1178.53,10.76,10.77,9.93,10.15,0.034459,0.035574,0.033461,0.034383,46.31,50.91,46.31,50.22,6/14/17 0:00,"2,437.92"
4/14/17 0:00,1178.53,1197.39,1169.89,1183.44,10.13,10.51,9.68,10.39,0.034262,0.035127,0.032986,0.033779,49.97,50.05,46.76,47.57,6/15/17 0:00,"2,432.46"
4/15/17 0:00,1183.44,1199.71,1178.35,1180.7,10.34,11,10.2,10.79,0.033528,0.034281,0.033277,0.033955,47.65,49.57,47.18,49.1,6/16/17 0:00,"2,433.15"
4/16/17 0:00,1180.7,1190.96,1178.09,1184.79,10.75,10.9,10.67,10.71,0.03388,0.034002,0.033194,0.033462,49.04,49.14,48.19,48.72,6/19/17 0:00,"2,453.46"
4/17/17 0:00,1184.79,1206.9,1181.78,1203.73,10.6,11.18,10.39,10.42,0.0334,0.03406,0.032955,0.033655,48.66,48.75,48.05,48.3,6/20/17 0:00,"2,437.03"
4/18/17 0:00,1203.73,1222.36,1203.39,1217.6,10.42,10.94,9.97,10.32,0.033638,0.034021,0.032866,0.033183,48.32,51.03,48.3,50.71,6/21/17 0:00,"2,435.61"
4/19/17 0:00,1217.6,1228.5,1209.18,1226.94,10.31,10.35,9.59,9.66,0.033181,0.033387,0.029687,0.030173,50.73,50.95,47.26,48.31,6/22/17 0:00,"2,434.50"
4/20/17 0:00,1226.94,1262.85,1220.45,1255.4,9.63,10.66,9.59,10.33,0.030259,0.030611,0.027493,0.029984,48.13,49.99,48.13,49.67,6/23/17 0:00,"2,438.30"
4/21/17 0:00,1255.4,1275.05,1247.79,1257.13,10.29,11.54,10.16,11.23,0.029727,0.034044,0.029216,0.03278,49.64,49.66,48.14,48.22,6/26/17 0:00,"2,439.07"
4/22/17 0:00,1257.13,1259.06,1220,1244.37,11.18,13.07,11.11,13.06,0.033122,0.033279,0.031422,0.03177,48.18,48.74,48.17,48.55,6/27/17 0:00,"2,419.38"
4/23/17 0:00,1244.37,1250.45,1230.68,1248.22,13.07,14.41,12.95,13.94,0.031878,0.031974,0.030742,0.031278,48.59,48.89,48.17,48.49,6/28/17 0:00,"2,440.69"
4/24/17 0:00,1248.22,1250.47,1238.11,1248.32,13.96,14.97,13.33,14.97,0.031236,0.031436,0.030738,0.031384,48.87,50.18,48.87,50.03,6/29/17 0:00,"2,419.70"
4/25/17 0:00,1248.32,1270.73,1248.19,1263.54,14.98,15.43,14.24,15.21,0.031409,0.033826,0.031297,0.032346,50.07,50.3,49.81,49.89,6/30/17 0:00,"2,423.41"
4/26/17 0:00,1263.54,1307.28,1263.49,1284.84,15.21,15.79,14.56,14.85,0.03239,0.033509,0.032183,0.032797,49.91,53.44,49.91,52.72,7/3/17 0:00,"2,429.01"
4/27/17 0:00,1284.84,1335.56,1283.31,1329.19,14.84,15,13.47,14.62,0.032827,0.035376,0.032157,0.034816,52.81,62.17,52.29,62.17,7/5/17 0:00,"2,432.54"
4/28/17 0:00,1329.19,1343.59,1282.93,1320.05,14.59,14.78,14.06,14.34,0.034843,0.045111,0.034784,0.044475,62.23,70.85,62.13,70.16,7/6/17 0:00,"2,409.75"
4/29/17 0:00,1320.05,1333.37,1311.25,1327.04,14.4,15.77,14.36,15.74,0.044558,0.057719,0.044558,0.052868,71.39,71.9,66.78,68.38,7/7/17 0:00,"2,425.18"
4/30/17 0:00,1327.04,1352.15,1308.74,1347.96,15.7,16.07,15.47,15.71,0.052807,0.054646,0.049574,0.051607,68.54,79.02,68.35,79.02,7/10/17 0:00,"2,427.43"
5/1/17 0:00,1347.96,1426.63,1346.27,1402.08,15.71,16.37,14.88,15.92,0.05158,0.057779,0.049317,0.055115,79.32,82.52,73.09,76.3,7/11/17 0:00,"2,425.53"
5/2/17 0:00,1402.08,1466.88,1397.06,1443.68,15.92,16.23,15.15,15.89,0.054646,0.055639,0.05071,0.053908,76.65,79.35,74.38,77.26,7/12/17 0:00,"2,443.25"
5/3/17 0:00,1443.68,1494.53,1431.18,1492,15.88,21.8,15.67,21.04,0.053905,0.061435,0.052283,0.06049,77.25,80.1,75.76,79.72,7/13/17 0:00,"2,447.83"
5/4/17 0:00,1492,1594.63,1442.73,1515.63,21.04,25.69,20.86,23.39,0.061062,0.085499,0.059283,0.078914,79.72,97.56,79.43,96.98,7/14/17 0:00,"2,459.27"
5/5/17 0:00,1515.63,1591.97,1491.67,1512.21,23.47,27.85,23.42,26.27,0.080229,0.106935,0.078704,0.09355,96.73,103.23,92.22,94.4,7/17/17 0:00,"2,459.14"
5/6/17 0:00,1512.21,1552.44,1512.11,1548.29,26.47,28.59,25.49,28.16,0.093429,0.106144,0.093429,0.101791,94.91,97.88,90.95,97.81,7/18/17 0:00,"2,460.61"
5/7/17 0:00,1548.29,1560.01,1525.89,1555.47,28.2,31.37,28.2,30.29,0.101929,0.148274,0.098938,0.141763,97.87,98.24,89.87,94.01,7/19/17 0:00,"2,473.83"
5/8/17 0:00,1555.47,1639.43,1555.47,1639.32,30.37,30.74,27.33,28.96,0.14162,0.237587,0.135105,0.198212,93.75,95.14,89.51,91.42,7/20/17 0:00,"2,473.45"
5/9/17 0:00,1639.32,1753.59,1615.63,1706.93,28.96,33.76,24.49,33.58,0.199198,0.21689,0.134406,0.160074,91.23,93.06,80.39,91.16,7/21/17 0:00,"2,472.54"
5/10/17 0:00,1706.93,1782.89,1690.4,1756.8,33.3,37.33,31.22,31.96,0.158471,0.201207,0.156363,0.186066,91.15,92.85,85.29,89.52,7/24/17 0:00,"2,469.91"
5/11/17 0:00,1756.8,1848.75,1732.13,1807.37,32.66,32.91,28.03,30.72,0.185035,0.194828,0.162431,0.183135,89.77,102.55,88.48,89.88,7/25/17 0:00,"2,477.13"
5/12/17 0:00,1807.37,1808.55,1644.64,1676.99,30.93,31.68,27.37,27.45,0.18276,0.209535,0.180984,0.206068,89.43,93.12,88.66,88.66,7/26/17 0:00,"2,477.83"
5/13/17 0:00,1676.99,1759.96,1587.69,1759.96,27.22,28.91,25.52,28.91,0.206697,0.223602,0.18698,0.214878,88.69,93.81,86.66,90.84,7/27/17 0:00,"2,475.42"
5/14/17 0:00,1759.96,1799.65,1740.2,1772.42,29.09,30.45,27.79,28.89,0.215179,0.223486,0.211186,0.220223,90.87,91.25,89.61,90.79,7/28/17 0:00,"2,472.10"
5/15/17 0:00,1772.42,1773.49,1652.16,1697.38,28.89,28.93,25.19,25.37,0.220069,0.27072,0.220069,0.27072,90.78,95.43,86.83,92.41,7/31/17 0:00,"2,470.30"
5/16/17 0:00,1697.38,1737.34,1657.11,1718.2,25.34,25.34,22.81,23.33,0.269824,0.349861,0.269824,0.349861,92.39,93.56,89.12,89.44,8/1/17 0:00,"2,476.35"
5/17/17 0:00,1718.2,1823.55,1688.49,1802.16,23.24,25.95,20.8,25.4,0.355124,0.43517,0.326358,0.394132,89.25,91.27,84.43,89.86,8/2/17 0:00,"2,477.57"
5/18/17 0:00,1802.16,1893.63,1794.92,1887.33,25.17,29.01,25.12,28.36,0.394931,0.408012,0.331116,0.364869,89.84,97.37,89.84,96.91,8/3/17 0:00,"2,472.16"
5/19/17 0:00,1887.33,1973.01,1887.15,1968.1,28.29,28.41,26.78,27.7,0.363505,0.363505,0.300794,0.327801,97.05,133.56,97.05,129.53,8/4/17 0:00,"2,476.83"
5/20/17 0:00,1968.1,2061.88,1964.97,2051.73,27.68,28.16,27.2,27.51,0.328631,0.370361,0.303941,0.351634,129.22,133.64,124.7,126.52,8/7/17 0:00,"2,480.91"
5/21/17 0:00,2051.73,2092.54,2001.14,2055.62,27.48,28.74,25.73,26.3,0.353164,0.367636,0.332222,0.336201,127.54,159.03,125.89,157.94,8/8/17 0:00,"2,474.92"
5/22/17 0:00,2055.62,2289.21,2045.79,2139.03,26.14,27.5,23.27,25.38,0.338403,0.345412,0.270091,0.317954,158.17,201.75,152.47,174.26,8/9/17 0:00,"2,474.02"
5/23/17 0:00,2139.03,2297.56,2134.64,2291.48,25.3,32.11,24.93,32.11,0.313347,0.354014,0.291893,0.323368,170.82,183.55,169.93,181.95,8/10/17 0:00,"2,438.21"
5/24/17 0:00,2291.48,2524.83,2291.48,2476.3,32.12,35.16,31.71,34.45,0.325054,0.357358,0.293009,0.29589,182.65,228.37,182.45,190.05,8/11/17 0:00,"2,441.32"
5/25/17 0:00,2476.3,2791.69,2298.49,2357.5,34.47,36.21,28.87,29.9,0.291834,0.303467,0.238308,0.246065,189.85,210.98,170.51,174.45,8/14/17 0:00,"2,465.84"
5/26/17 0:00,2357.5,2639.9,2067.1,2247.48,30.33,31.32,22.56,23.75,0.245083,0.327812,0.245083,0.271808,175.22,193.69,150.28,160.4,8/15/17 0:00,"2,464.61"
5/27/17 0:00,2247.48,2329.37,1908.99,2106.31,23.4,25.43,20.1,23.74,0.272697,0.283363,0.162345,0.212549,159.82,166.95,120.44,157.76,8/16/17 0:00,"2,468.11"
5/28/17 0:00,2106.31,2320.82,2106.31,2207.58,24.01,26.07,22.11,24.22,0.212887,0.242395,0.204652,0.229554,158.82,179.94,157.6,170.51,8/17/17 0:00,"2,430.01"
5/29/17 0:00,2207.58,2339.72,2135.61,2289.87,24.32,25.69,23.28,25.21,0.227189,0.24282,0.214777,0.23207,170.13,197.13,164.53,194.91,8/18/17 0:00,"2,425.55"
5/30/17 0:00,2289.87,2329.64,2152.92,2197.23,25.32,26.13,24.03,24.14,0.232191,0.237367,0.205324,0.205324,195.61,233.71,189.29,231.91,8/21/17 0:00,"2,428.37"
5/31/17 0:00,2197.23,2351.24,2162.23,2330.23,24.29,25.57,23.18,25.3,0.20536,0.247677,0.193839,0.24659,231.58,236.97,215.57,230.67,8/22/17 0:00,"2,452.51"
6/1/17 0:00,2330.23,2489.98,2330.23,2452.18,25.34,29.62,25.3,28.8,0.243946,0.336797,0.243946,0.333657,230.89,236.22,214.48,222.24,8/23/17 0:00,"2,444.04"
6/2/17 0:00,2452.18,2517.41,2418.32,2517.41,28.9,29.89,27.74,28.94,0.333645,0.335809,0.29071,0.303448,222.29,229.41,219.58,223.78,8/24/17 0:00,"2,438.97"
6/3/17 0:00,2517.41,2593.64,2448.04,2555.65,29.04,29.17,26.63,27.66,0.30046,0.310863,0.277563,0.29458,223.46,225.97,219.42,224.38,8/25/17 0:00,"2,443.05"
6/4/17 0:00,2555.65,2577.83,2494.29,2552.81,27.65,27.94,26.95,27.94,0.298386,0.313944,0.277185,0.299413,224.12,250.41,223.98,245.33,8/28/17 0:00,"2,444.24"
6/5/17 0:00,2552.81,2736.59,2551.55,2736.59,28.09,30.99,28.09,30.84,0.299862,0.302394,0.2846,0.294003,245.26,249.47,243.05,248.46,8/29/17 0:00,"2,446.30"
6/6/17 0:00,2736.59,2967.48,2732.99,2914.08,30.84,31.33,29.26,30.55,0.294028,0.294537,0.276248,0.284548,248.6,267.51,246.84,264.47,8/30/17 0:00,"2,457.59"
6/7/17 0:00,2914.08,2922.7,2629.53,2694.22,30.57,30.68,28.37,28.39,0.284677,0.298379,0.278874,0.279783,264.26,264.67,254.04,258.07,8/31/17 0:00,"2,471.65"
6/8/17 0:00,2694.22,2828.48,2625.08,2825.03,28.38,30.34,27.88,30.21,0.280902,0.29857,0.276441,0.289678,257.99,262.25,253.97,261.67,9/1/17 0:00,"2,476.55"
6/9/17 0:00,2825.03,2874.7,2794.06,2826.7,30.19,30.59,29.62,29.68,0.289695,0.299493,0.285884,0.286019,261.75,282.76,261.75,281.74,9/5/17 0:00,"2,457.85"
6/10/17 0:00,2826.7,2942.46,2821.52,2942.34,29.68,30.59,29.66,30.44,0.285806,0.288991,0.257879,0.260874,282.01,350.26,282.01,337.67,9/6/17 0:00,"2,465.54"
6/11/17 0:00,2942.34,3025.47,2894.01,3018.54,30.5,33.56,30.16,33.22,0.259445,0.277735,0.259113,0.272759,338.79,353.01,318.17,340.61,9/7/17 0:00,"2,465.10"
6/12/17 0:00,3018.54,3020.27,2525.24,2682.59,33.23,33.23,27.8,29.5,0.273075,0.28329,0.247476,0.253964,341.16,414.76,341.16,401.49,9/8/17 0:00,"2,461.43"
6/13/17 0:00,2682.59,2802.95,2678.76,2738.93,29.49,30.64,29.33,30.64,0.253823,0.274659,0.2522,0.266153,395.69,411.18,370.06,397.54,9/11/17 0:00,"2,488.11"
6/14/17 0:00,2738.93,2828.88,2385.03,2494.48,30.74,32.06,29.32,30.22,0.265823,0.307854,0.263202,0.278447,397.59,399.32,342.21,359.05,9/12/17 0:00,"2,496.48"
6/15/17 0:00,2494.48,2553.68,2185.96,2456.92,30.22,30.37,27.31,30.22,0.278196,0.278923,0.240868,0.259266,358.51,364.44,300.7,361.93,9/13/17 0:00,"2,498.37"
6/16/17 0:00,2456.92,2559.19,2366.49,2528.1,30.28,35.7,29.55,35.7,0.259473,0.266211,0.252408,0.262068,361.18,373.06,341.42,370.23,9/14/17 0:00,"2,495.62"
6/17/17 0:00,2528.1,2707.06,2462.16,2664,36.18,49.3,36.18,47.65,0.262358,0.270717,0.258105,0.268351,369.88,379.41,364,379.41,9/15/17 0:00,"2,500.23"
6/18/17 0:00,2664,2689.54,2522.32,2576.17,47.44,47.44,42.43,46.04,0.268085,0.289468,0.265078,0.2846,379.52,390.58,368.84,371.46,9/18/17 0:00,"2,503.87"
6/19/17 0:00,2576.17,2642.28,2555.1,2641.66,46.16,53.55,44.99,50.32,0.283977,0.296068,0.280233,0.296068,371.86,377.12,369.76,370.06,9/19/17 0:00,"2,506.65"
6/20/17 0:00,2641.66,2822.63,2636.06,2778.83,50.41,51.47,45.75,47.22,0.292194,0.339533,0.290147,0.324427,370.33,377.97,350.94,359,9/20/17 0:00,"2,508.24"
6/21/17 0:00,2778.83,2828.94,2661.42,2712.16,47.3,49.73,44.22,47.79,0.324623,0.32776,0.283614,0.296366,359.54,361.34,319.48,336.87,9/21/17 0:00,"2,500.60"
6/22/17 0:00,2712.16,2768.76,2637.22,2740.79,47.72,48.85,45.87,47.71,0.299886,0.305852,0.291519,0.297848,337.73,342.03,330.62,336.37,9/22/17 0:00,"2,502.22"
6/23/17 0:00,2740.79,2813.31,2709.76,2738.22,47.75,48.42,47.27,47.34,0.297718,0.320751,0.295551,0.319978,336.49,348.01,334.99,341.74,9/25/17 0:00,"2,496.66"
6/24/17 0:00,2738.22,2790.33,2564,2619.12,47.25,47.44,44.01,44.49,0.319188,0.327117,0.306487,0.31111,341.63,343.62,322.09,323.7,9/26/17 0:00,"2,496.84"
6/25/17 0:00,2619.12,2713.9,2495.97,2594.45,44.49,46.22,43.05,43.92,0.310816,0.311157,0.289148,0.298423,323.47,332.79,284.65,303.25,9/27/17 0:00,"2,507.04"
6/26/17 0:00,2594.45,2658,2387.64,2485.36,44.04,44.35,37.55,41.13,0.29877,0.30198,0.260819,0.277288,302.95,311.46,238.65,272.69,9/28/17 0:00,"2,510.06"
6/27/17 0:00,2485.36,2593.17,2332.6,2593.17,41.13,41.39,36.2,40.54,0.277288,0.27881,0.251052,0.276306,272.69,293.09,227.14,293.09,9/29/17 0:00,"2,519.36"
6/28/17 0:00,2593.17,2619.24,2490.21,2584.56,40.82,43.61,39.18,42.85,0.275391,0.28149,0.26784,0.280455,293.04,333.1,276.41,327.93,10/2/17 0:00,"2,529.12"
6/29/17 0:00,2584.56,2623.31,2530.12,2561.56,42.83,42.83,40.35,41.07,0.280565,0.280873,0.264175,0.265421,328.37,330.71,297.37,302.88,10/3/17 0:00,"2,534.58"
6/30/17 0:00,2561.56,2632.11,2485.55,2499.98,41.04,41.75,40.17,40.35,0.26606,0.26916,0.262242,0.26293,303.15,315.17,288.44,294.92,10/4/17 0:00,"2,537.74"
7/1/17 0:00,2499.98,2547.05,2442.83,2460.2,40.4,40.58,38.47,38.99,0.262855,0.263053,0.252966,0.254744,293.35,293.75,268.62,274.6,10/5/17 0:00,"2,552.07"
7/2/17 0:00,2460.2,2541.99,2396.01,2529.78,38.95,43.27,37.8,41.57,0.254512,0.259951,0.250944,0.259449,275.12,295.51,262.52,287.99,10/6/17 0:00,"2,549.33"
7/3/17 0:00,2529.78,2620.29,2504.36,2581.07,41.48,48.4,40.97,46.43,0.258977,0.262354,0.255666,0.259959,288.41,291.1,281.18,282.9,10/9/17 0:00,"2,544.73"
7/4/17 0:00,2581.07,2659.79,2580.7,2625.07,46.56,55.42,46.56,55.33,0.259841,0.262258,0.254387,0.254709,282.19,287.39,273.11,273.3,10/10/17 0:00,"2,550.64"
7/5/17 0:00,2625.07,2648.68,2560.85,2629.27,55.27,56.03,50.6,53.19,0.255125,0.261713,0.254275,0.256523,273.1,275.13,261.45,268.77,10/11/17 0:00,"2,555.24"
7/6/17 0:00,2629.27,2638.1,2591.98,2619.11,53.2,53.2,50.12,51.13,0.256374,0.257148,0.253303,0.254641,268.86,278.48,265.51,270.55,10/12/17 0:00,"2,550.93"
7/7/17 0:00,2619.11,2622.19,2492.33,2521.24,51.1,51.14,45.63,46.58,0.254858,0.255431,0.238892,0.23948,270.35,273.94,244.17,245.99,10/13/17 0:00,"2,553.17"
7/8/17 0:00,2521.24,2590.55,2482.77,2579.93,46.64,52.75,44.67,52.14,0.239741,0.239741,0.221769,0.236134,245.89,273.48,236.55,251.7,10/16/17 0:00,"2,557.64"
7/9/17 0:00,2579.93,2590.75,2522.24,2525.67,52.36,53.31,49.53,49.58,0.236884,0.248501,0.233416,0.233416,251.82,255.1,242.14,242.14,10/17/17 0:00,"2,559.36"
7/10/17 0:00,2525.67,2544.96,2314.08,2371.96,49.91,50.53,44.74,46.58,0.234067,0.234067,0.185418,0.203165,243.01,243.07,196.97,215.36,10/18/17 0:00,"2,561.26"
7/11/17 0:00,2371.96,2428.16,2292.84,2332.19,46.27,47.39,43.65,45.33,0.196415,0.20332,0.168265,0.185019,211.53,220.29,183.39,197.4,10/19/17 0:00,"2,562.10"
7/12/17 0:00,2332.19,2438.48,2272.32,2423.16,45.26,49.07,44.07,48.75,0.184198,0.205898,0.177162,0.205354,197.15,230.77,189.59,230.77,10/20/17 0:00,"2,575.21"
7/13/17 0:00,2423.16,2450.99,2336.67,2364.52,48.72,49.05,45.39,46.33,0.205873,0.230452,0.193357,0.200809,231.81,231.81,200.06,209.73,10/23/17 0:00,"2,564.98"
7/14/17 0:00,2364.52,2376.43,2171.81,2232.65,46.36,46.48,40.8,42.8,0.200819,0.201156,0.183369,0.190769,209.53,211.1,187.37,199.66,10/24/17 0:00,"2,569.13"
7/15/17 0:00,2232.65,2238.66,1990.69,1993.26,42.81,42.81,37.78,38.92,0.190976,0.191167,0.167118,0.170589,199.71,200.16,170.66,170.66,10/25/17 0:00,"2,557.15"
7/16/17 0:00,1993.26,2073.79,1836.92,1938.94,38.92,41.97,36.38,40.91,0.16948,0.172575,0.11977,0.148056,169.57,172.01,133.72,157.36,10/26/17 0:00,"2,560.40"
7/17/17 0:00,1938.94,2244.26,1938.73,2244.26,41.19,43.07,40.17,42.67,0.150146,0.179604,0.141425,0.177889,159.99,194.75,158.04,193.42,10/27/17 0:00,"2,581.07"
7/18/17 0:00,2244.26,2407.19,2169.64,2327.9,42.62,45.33,41.47,44.3,0.179668,0.195807,0.165966,0.188718,195.03,267.99,182.06,234.39,10/30/17 0:00,"2,572.83"
7/19/17 0:00,2327.9,2413.48,2243.98,2294.4,44.35,44.42,40.56,40.86,0.188498,0.188533,0.158188,0.168388,234.94,245.65,191.75,199.7,10/31/17 0:00,"2,575.26"
7/20/17 0:00,2294.4,2948.51,2276.15,2877.39,40.96,45.45,40.96,45.02,0.170017,0.192918,0.167718,0.188295,205.42,233.9,203.22,227.26,11/1/17 0:00,"2,579.36"
7/21/17 0:00,2877.39,2889.42,2621.23,2694.29,45.07,47.45,44.52,45.76,0.18943,0.190708,0.181098,0.182608,226.06,235.12,213.01,218.31,11/2/17 0:00,"2,579.85"
7/22/17 0:00,2694.29,2875.78,2678.04,2838.81,45.77,46.8,45.45,46.56,0.182168,0.195009,0.181447,0.19332,217.86,232.7,216.87,229.48,11/3/17 0:00,"2,587.84"
7/23/17 0:00,2838.81,2860.3,2670.76,2762.63,46.63,46.64,42.94,44.06,0.193568,0.204121,0.188722,0.195058,229.12,231.68,217.72,225.95,11/6/17 0:00,"2,591.13"
7/24/17 0:00,2762.63,2813.97,2720.71,2779.04,44.16,44.81,43.29,44.41,0.194979,0.195279,0.189835,0.192002,226.28,227.54,222.45,224.71,11/7/17 0:00,"2,590.64"
7/25/17 0:00,2779.04,2824,2485.18,2591.22,44.48,44.79,41.07,42.24,0.19228,0.192734,0.169797,0.178104,224.37,225.32,195.84,206.71,11/8/17 0:00,"2,594.38"
7/26/17 0:00,2591.22,2633.03,2433.83,2550.18,42.29,42.7,40.63,42.23,0.177582,0.180872,0.16906,0.173822,207.09,210.77,194.78,203.95,11/9/17 0:00,"2,584.62"
7/27/17 0:00,2550.18,2715.69,2541.71,2697.47,42.35,42.62,41.39,42.14,0.17521,0.176602,0.17198,0.173457,204.86,206.44,201.26,204.32,11/10/17 0:00,"2,582.30"
7/28/17 0:00,2697.47,2833.24,2682.87,2805.18,42.22,42.47,35.94,40.61,0.173211,0.174078,0.162183,0.165937,204.32,204.9,192.3,193.12,11/13/17 0:00,"2,584.84"
7/29/17 0:00,2805.18,2809.03,2681.55,2720.08,40.56,41.34,38.74,41.12,0.165218,0.171566,0.155475,0.169871,193.34,208.68,179.65,205.79,11/14/17 0:00,"2,578.87"
7/30/17 0:00,2720.08,2753.33,2615.81,2746.33,41.18,41.82,40.06,40.42,0.169494,0.170411,0.164094,0.165082,206.74,208.54,196.15,197.98,11/15/17 0:00,"2,564.62"
7/31/17 0:00,2746.33,2908.29,2706.82,2873.83,40.34,44.03,38.95,43.02,0.16505,0.169535,0.162002,0.167386,197.41,203.87,193.41,203.87,11/16/17 0:00,"2,585.64"
8/1/17 0:00,2873.83,2925.03,2680.85,2735.59,43.02,43.77,41.09,43.04,0.168024,0.178332,0.166124,0.177053,204.69,227.74,204.69,226.77,11/17/17 0:00,"2,578.85"
8/2/17 0:00,2735.59,2772.56,2675.68,2723.58,43.07,43.21,42.07,42.13,0.177531,0.179655,0.171618,0.173113,227.01,229.51,218.12,219.95,11/20/17 0:00,"2,582.14"
8/3/17 0:00,2723.58,2824.38,2715.49,2814.36,42.19,43.17,42.13,42.86,0.173218,0.175969,0.17173,0.174612,220.18,228.29,219.89,225.34,11/21/17 0:00,"2,599.03"
8/4/17 0:00,2814.36,2897.79,2797.12,2883.68,42.89,43.71,42.82,43.45,0.174555,0.176053,0.172224,0.173743,225.31,227.62,222.06,223.07,11/22/17 0:00,"2,597.08"
8/5/17 0:00,2883.68,3360.87,2881.85,3301.76,43.49,46.92,43.48,46.86,0.173865,0.187844,0.173267,0.184737,222.85,256.51,221.95,256.51,11/24/17 0:00,"2,602.42"
8/6/17 0:00,3301.76,3330.34,3190.19,3255,46.84,47.3,45.1,45.1,0.185398,0.189486,0.180298,0.180444,256.42,271.05,252.85,261.57,11/27/17 0:00,"2,601.42"
8/7/17 0:00,3255,3451.85,3222.91,3431.97,45.17,46.48,45.12,45.8,0.179716,0.181847,0.177605,0.179021,261.24,271.96,256.69,269.18,11/28/17 0:00,"2,627.04"
8/8/17 0:00,3431.97,3538.04,3357.39,3453.16,45.9,49.37,45.79,48.63,0.179602,0.194391,0.178487,0.192586,269.1,298.91,266.8,296.77,11/29/17 0:00,"2,626.07"
8/9/17 0:00,3453.16,3460.54,3280.32,3377.54,48.59,50.23,47.16,48.01,0.192527,0.192914,0.180629,0.182947,297.63,318.72,276.69,296.03,11/30/17 0:00,"2,647.58"
8/10/17 0:00,3377.54,3481.09,3353.42,3445.28,48.05,48.51,46.5,46.5,0.183168,0.1835,0.180013,0.180399,296.96,306.59,289.93,295.89,12/1/17 0:00,"2,642.22"
8/11/17 0:00,3445.28,3754.62,3427.01,3679.61,46.4,47.33,46.4,47.1,0.180175,0.182631,0.177627,0.179307,294.5,309.21,294.5,308.86,,
8/12/17 0:00,3679.61,4009.89,3639.77,3917.65,47.05,47.62,46.29,46.43,0.179221,0.182599,0.173242,0.173853,308.71,317.56,307.9,310.6,,
8/13/17 0:00,3917.65,4225.4,3890,4111.2,46.57,48.07,44.33,45.81,0.173545,0.174147,0.162625,0.168092,310.37,310.82,289.31,298.06,,
8/14/17 0:00,4111.2,4384.05,4031.85,4382.74,45.83,46.51,45.43,45.8,0.168376,0.180054,0.165289,0.169991,298.03,306.81,296.41,300.1,,
8/15/17 0:00,4382.74,4483.55,3892.72,4204.43,45.81,45.84,42.29,43.31,0.16979,0.16979,0.158244,0.161221,299.95,300.41,279.33,289.82,,
8/16/17 0:00,4204.43,4434.41,3985.23,4425.3,43.37,45.06,42.57,44.15,0.161238,0.161726,0.153087,0.160431,289.82,303.41,285.38,302.27,,
8/17/17 0:00,4425.3,4522.13,4235.79,4316.34,44.18,44.83,43.78,43.91,0.160787,0.161001,0.155909,0.157498,302.81,311.03,300.25,301.46,,
8/18/17 0:00,4316.34,4407.8,4040.05,4159.46,43.9,47.86,43.59,47.28,0.157117,0.168716,0.154162,0.158883,301.7,307.96,292.5,295.59,,
8/19/17 0:00,4159.46,4248.04,4033.54,4206.13,47.05,47.08,43.78,45.48,0.159553,0.162348,0.152305,0.155057,296.18,301.67,286.18,297.47,,
8/20/17 0:00,4206.13,4227.09,4101.06,4111.22,45.38,47.55,44.75,46.23,0.154569,0.161205,0.153432,0.158735,296.64,301.43,291.58,301.43,,
8/21/17 0:00,4111.22,4353.42,3964.77,4054.94,46.19,48.75,45.62,47.94,0.15841,0.205684,0.154856,0.191918,300.48,347.05,297.23,321.59,,
8/22/17 0:00,4054.94,4217.67,3687.28,4137.67,47.9,47.9,45.48,46.73,0.194971,0.254659,0.171483,0.239286,321.06,327.36,297.91,314.79,,
8/23/17 0:00,4137.67,4447.89,4066.62,4191.22,46.71,54.78,46.48,53.25,0.240987,0.297662,0.219992,0.246827,315.27,324.21,314.54,317.52,,
8/24/17 0:00,4191.22,4400.75,4153.8,4362.47,52.82,53.28,50.19,50.19,0.252371,0.288783,0.212543,0.218958,317.45,327.96,317.08,325.61,,
8/25/17 0:00,4362.47,4496.29,4311.8,4408.32,50.17,52.13,49.84,51.18,0.2172,0.232184,0.203022,0.217828,326.11,336.4,325.8,331.92,,
8/26/17 0:00,4408.32,4441.48,4285.73,4387.46,51.17,52.26,50.45,51.75,0.218256,0.229086,0.210324,0.212577,331.99,334.99,327.92,333.88,,
8/27/17 0:00,4387.46,4456.11,4321.57,4394.51,51.8,64.44,51.64,61.16,0.212617,0.212617,0.197717,0.202995,334.36,347.89,334.36,347.89,,
8/28/17 0:00,4394.51,4475.7,4221.44,4439.66,61.36,64.92,59.87,62.36,0.203425,0.23626,0.19661,0.224508,350.04,352.05,338.41,347.75,,
8/29/17 0:00,4439.66,4703.42,4365.7,4648.13,62.39,63.29,61.26,63.17,0.224026,0.225926,0.214867,0.218564,347.96,373.76,347.79,370.67,,
8/30/17 0:00,4648.13,4707.55,4545.54,4630.73,63.16,64.21,60.9,64.17,0.218871,0.229805,0.217476,0.228006,369.47,388.75,361.97,378.49,,
8/31/17 0:00,4630.73,4802.74,4629.78,4764.87,64.16,72.28,64.04,71.06,0.227558,0.261038,0.225907,0.25563,378.44,386.14,376.35,383.04,,
9/1/17 0:00,4764.87,4950.72,4726.74,4950.72,70.86,87.41,70.01,86.04,0.255803,0.256162,0.243833,0.248479,383.47,390.04,383.47,387.74,,
9/2/17 0:00,4950.72,5013.91,4529.37,4643.97,85.83,92.07,72.23,79.02,0.249348,0.24968,0.217774,0.226669,387.82,389.35,328.1,348.98,,
9/3/17 0:00,4643.97,4749.03,4481.52,4631.69,78.98,82.83,73.61,76.84,0.227229,0.236443,0.218662,0.228811,350.23,366.49,332.23,347.48,,
9/4/17 0:00,4631.69,4636.31,4167.53,4319.72,76.73,76.73,61.24,65.21,0.228781,0.228781,0.19596,0.204968,347.13,347.13,279.94,295.17,,
9/5/17 0:00,4319.72,4494.53,4037.5,4422.12,65.25,72.44,59.05,71.29,0.20511,0.218674,0.190232,0.215189,297.57,318.57,268.29,312.99,,
9/6/17 0:00,4422.12,4666.47,4421.53,4626.72,71.78,80.64,71.51,80.11,0.214951,0.22686,0.214805,0.226186,313.8,334.66,313.49,334.34,,
9/7/17 0:00,4626.72,4691.98,4506.66,4638.1,79.88,81.06,75.59,78.48,0.226382,0.22721,0.219618,0.22364,333.52,333.52,319.94,329.43,,
9/8/17 0:00,4638.1,4698.73,4151.64,4317.54,78.45,80.13,63.83,67.79,0.223615,0.224308,0.206103,0.211518,329.64,329.64,285.16,296.5,,
9/9/17 0:00,4317.54,4394.52,4161.97,4291.88,67.21,69.55,64.01,66.01,0.211293,0.211892,0.206395,0.209995,296.17,299.89,287.22,294.4,,
9/10/17 0:00,4291.88,4302.2,3976.46,4191.17,65.8,65.95,57.06,61.61,0.209606,0.216529,0.197605,0.213031,294.06,294.76,268.97,288.75,,
9/11/17 0:00,4191.17,4334.51,4108.47,4188.84,61.65,67.23,61.37,66.04,0.212513,0.220057,0.210353,0.214441,289.75,300.69,286.69,294.53,,
9/12/17 0:00,4188.84,4368.22,4067.41,4148.27,66.24,70.25,63.86,64.23,0.21486,0.220623,0.207608,0.209303,294.63,311.19,287.23,291.46,,
9/13/17 0:00,4148.27,4152.07,3766.36,3874.26,64.32,64.6,58.93,61.73,0.20963,0.209674,0.196179,0.200778,291.12,291.12,260.61,277.11,,
9/14/17 0:00,3874.26,3923.98,3209.44,3226.41,61.64,62.43,41.25,41.58,0.200427,0.20201,0.164167,0.164167,276.59,280.84,213.91,213.91,,
9/15/17 0:00,3226.41,3761.18,2951.15,3686.9,41.69,50.65,32.03,48.21,0.165035,0.189184,0.150973,0.181358,215.22,258.65,195.03,250.46,,
9/16/17 0:00,3686.9,3874.63,3551.76,3678.74,48.13,52.83,46.46,48.26,0.181925,0.187417,0.172279,0.179082,250.87,262.59,238.22,246.52,,
9/17/17 0:00,3678.74,3784.11,3484.8,3672.57,48.23,49.88,45.12,48.49,0.178377,0.181121,0.171017,0.178393,245.85,257,235.24,251.75,,
9/18/17 0:00,3672.57,4077.22,3672.57,4067.08,48.53,55.61,48.53,55.53,0.178309,0.190019,0.178309,0.189768,252.23,293.5,252.23,293.5,,
9/19/17 0:00,4067.08,4080.5,3847.35,3897,55.68,55.88,51.05,52.84,0.189819,0.19068,0.181334,0.184041,293.66,295.77,274.48,282.8,,
9/20/17 0:00,3897,4021.46,3826.36,3858.09,52.74,53.83,51.25,51.73,0.18371,0.186229,0.180333,0.182078,282.01,290.89,278.05,283.74,,
9/21/17 0:00,3858.09,3890.98,3584.59,3612.68,51.66,52.31,45.67,46.61,0.180981,0.182109,0.171148,0.171754,283.26,286.61,255.02,258.58,,
9/22/17 0:00,3612.68,3748.7,3519.07,3603.31,46.65,49.09,45.19,48.09,0.171567,0.17587,0.169291,0.17351,258.11,270.54,256.22,264.31,,
9/23/17 0:00,3603.31,3810.54,3573.24,3777.29,48.16,49.79,46.69,49.27,0.173371,0.178672,0.171527,0.177882,264.6,286.17,261.12,286.17,,
9/24/17 0:00,3777.29,3777.92,3627.53,3662.12,49.25,49.27,47.52,47.62,0.178175,0.178939,0.174165,0.175787,286.21,292.95,278.13,282.48,,
9/25/17 0:00,3662.12,3970.26,3662.12,3927.5,47.62,52.44,47.57,51.58,0.175519,0.183665,0.174939,0.181487,282.22,293.51,281.88,292.33,,
9/26/17 0:00,3927.5,3968.54,3865.23,3895.51,51.69,53.7,51.08,51.55,0.181968,0.191247,0.180085,0.186119,292.35,293.75,287.02,287.44,,
9/27/17 0:00,3895.51,4228.08,3891.22,4208.56,51.58,56.54,51.58,56.28,0.185297,0.207687,0.185098,0.203299,287.02,308.01,286.82,306.47,,
9/28/17 0:00,4208.56,4278.78,4134.75,4185.29,56.21,56.67,53.41,54.09,0.202532,0.203271,0.191344,0.196131,306.47,307.2,295.47,299.15,,
9/29/17 0:00,4185.29,4227.44,4027.04,4164.1,54.11,54.16,50.42,52.62,0.196105,0.196203,0.187172,0.193606,299.12,299.92,279.77,291.47,,
9/30/17 0:00,4164.1,4358.4,4157.23,4353.05,52.63,55.23,52.62,55.14,0.193824,0.199826,0.193497,0.197529,291.48,303.96,291.11,301.46,,
10/1/17 0:00,4353.05,4395.23,4261.35,4394.64,55.14,55.16,53.63,54.54,0.197622,0.207185,0.19617,0.206532,301.55,303.19,295.06,302.34,,
10/2/17 0:00,4394.64,4462.01,4376.08,4404.1,54.55,54.78,53.26,53.38,0.206077,0.206556,0.199444,0.202676,302.48,302.92,294.58,297.48,,
10/3/17 0:00,4404.1,4429.32,4246.29,4320.09,53.39,53.59,51.59,52.35,0.203209,0.204808,0.19873,0.203318,297.48,300.11,288.13,292.46,,
10/4/17 0:00,4320.09,4345.28,4189.57,4225.92,52.28,53.05,50.83,51.4,0.203218,0.217024,0.202647,0.214774,292.75,299.39,290.89,292.66,,
10/5/17 0:00,4225.92,4355.89,4150.76,4322.75,51.4,51.87,50.44,51.67,0.215583,0.241023,0.215583,0.237016,292.77,298.04,288.84,295.86,,
10/6/17 0:00,4322.75,4417.45,4303.48,4370.24,51.64,52.6,51.53,52.12,0.237726,0.242424,0.233533,0.234039,295.15,308.84,294.95,308.59,,
10/7/17 0:00,4370.24,4461.66,4330.28,4437.03,52.14,52.75,51.64,52.58,0.233963,0.239336,0.233478,0.23861,308.89,313.13,304.98,311.12,,
10/8/17 0:00,4437.03,4606.18,4419.19,4596.96,52.49,54.51,52.26,53.14,0.238312,0.279944,0.237532,0.279944,311.06,312.54,308.03,308.61,,
10/9/17 0:00,4596.96,4870.04,4554.03,4772.97,53.08,53.39,48.47,50.16,0.278758,0.278758,0.24043,0.251825,308.67,309.31,288.19,297.39,,
10/10/17 0:00,4772.97,4909.18,4728.41,4754.7,50.15,51.67,49.86,50.72,0.252825,0.26656,0.241193,0.260733,297.6,306.15,293.17,299.87,,
10/11/17 0:00,4754.7,4882.69,4726.28,4830.77,50.75,51.14,50.32,50.89,0.260658,0.267843,0.25908,0.264439,301.18,304.39,299.1,303.46,,
10/12/17 0:00,4830.77,5439.13,4809.93,5439.13,50.89,60.11,50.87,60.11,0.265046,0.267468,0.248414,0.248414,303.5,309.15,303.29,304.14,,
10/13/17 0:00,5439.13,5856.1,5396.23,5640.13,60.55,60.96,55.84,59.43,0.248285,0.26425,0.238867,0.260489,304.08,348.6,299.66,338.76,,
10/14/17 0:00,5640.13,5814.23,5570.04,5809.69,59.41,66.19,58.6,63.95,0.26115,0.267721,0.25732,0.25732,338.85,347.98,334.7,339.63,,
10/15/17 0:00,5809.69,5844.77,5439.98,5697.39,64.13,70.09,62.55,65.47,0.257537,0.268419,0.249048,0.263983,339.53,342.72,320.43,336.6,,
10/16/17 0:00,5697.39,5789.79,5569.31,5754.22,65.72,66.34,62.69,64.62,0.263386,0.291359,0.24901,0.256232,336.71,349.35,332.04,333.38,,
10/17/17 0:00,5754.22,5769.51,5520.48,5595.23,64.67,64.7,58.85,59.48,0.256098,0.263147,0.222939,0.232064,333.48,333.48,311.79,317.08,,
10/18/17 0:00,5595.23,5599.56,5109.7,5572.2,59.59,61.75,53.79,60.73,0.231216,0.23815,0.207265,0.21852,316.94,317.24,290.64,314.32,,
10/19/17 0:00,5572.2,5735.15,5519.99,5699.58,60.82,61.29,58.71,59.74,0.218229,0.23179,0.208317,0.21515,314.54,316.71,305.83,308.09,,
10/20/17 0:00,5699.58,6064.14,5611.12,5984.09,59.81,61.88,58.56,60.33,0.215086,0.223822,0.208754,0.210549,308.05,311.44,303.49,304.01,,
10/21/17 0:00,5984.09,6183.98,5886.65,6013.23,60.3,60.52,56.83,58.2,0.210189,0.212381,0.200774,0.211016,303.57,303.93,291.77,300.19,,
10/22/17 0:00,6013.23,6068.08,5733.02,5984.96,58.27,58.65,56.44,56.81,0.210958,0.211901,0.200722,0.204177,300.55,305.5,292.81,295.45,,
10/23/17 0:00,5984.96,6050.2,5653.73,5895.3,56.77,56.77,52.87,54.92,0.203504,0.203919,0.190729,0.196928,295.1,295.75,277.57,286.95,,
10/24/17 0:00,5895.3,5895.3,5463.44,5518.85,54.96,59.1,53.29,55.96,0.195567,0.217508,0.190455,0.206644,287.12,311.96,282.66,298.33,,
10/25/17 0:00,5518.85,5751.68,5374.6,5733.9,55.95,56.58,54.09,56.49,0.207113,0.208237,0.201803,0.204604,298.44,301.85,290.72,297.93,,
10/26/17 0:00,5733.9,5978.04,5691.05,5888.14,56.47,57.15,55.28,55.74,0.204444,0.206289,0.20266,0.203628,298.02,301.07,295.22,296.53,,
10/27/17 0:00,5888.14,5995.93,5691.76,5767.68,55.67,56.25,55.15,55.33,0.203668,0.204492,0.201771,0.202785,296.51,299.26,294.06,297.42,,
10/28/17 0:00,5767.68,5875.9,5667.35,5732.82,55.38,56.13,54.57,54.69,0.202592,0.203476,0.201401,0.201835,297.92,300.36,293.58,296.3,,
10/29/17 0:00,5732.82,6306.58,5690.11,6140.53,54.67,57.75,54.49,57.11,0.201358,0.205209,0.200075,0.202785,296.38,313.75,296.38,305.09,,
10/30/17 0:00,6140.53,6218.49,6026.69,6121.8,56.84,58.55,56.24,56.39,0.203076,0.204135,0.201946,0.202711,304.78,310.5,304.35,307.75,,
10/31/17 0:00,6121.8,6458.27,6089.47,6447.67,56.37,56.79,55.72,55.75,0.202405,0.203778,0.200461,0.200558,307.38,310.55,305.88,305.88,,
11/1/17 0:00,6447.67,6750.17,6357.91,6750.17,55.74,55.74,53.18,53.18,0.200247,0.201501,0.193613,0.194124,305.76,306.4,290.58,291.69,,
11/2/17 0:00,6750.17,7355.35,6745.96,7030,53.56,55.28,50.85,54.74,0.194596,0.211848,0.183815,0.205861,290.73,293.91,281.17,287.43,,
11/3/17 0:00,7030,7454.04,6942.29,7161.45,54.58,56.29,54.28,56.18,0.206205,0.228026,0.201728,0.208133,288.5,308.31,287.69,305.71,,
11/4/17 0:00,7161.45,7503.72,6994.88,7387,56.22,56.37,54.94,55.04,0.208083,0.208479,0.202133,0.20375,305.48,305.48,295.8,300.47,,
11/5/17 0:00,7387,7601.53,7297.58,7382.45,55.03,55.48,54.63,54.75,0.203274,0.205124,0.201117,0.202055,300.04,301.37,295.12,296.26,,
11/6/17 0:00,7382.45,7423.06,6932.43,6958.21,54.76,56.17,53.95,55.17,0.201967,0.208662,0.20141,0.20599,296.43,305.42,293.72,298.89,,
11/7/17 0:00,6958.21,7221.54,6958.21,7118.8,54.99,63.81,54.99,61.3,0.205103,0.211375,0.203978,0.210354,298.57,304.84,290.77,294.66,,
11/8/17 0:00,7118.8,7879.06,7078.96,7458.79,61.11,64.06,60.79,62.57,0.210675,0.221458,0.20806,0.217437,294.27,318.7,293.1,309.07,,
11/9/17 0:00,7458.79,7471.88,7058.35,7146.78,62.49,66.84,61.73,64.27,0.217911,0.221791,0.214866,0.217488,308.64,329.45,307.06,320.88,,
11/10/17 0:00,7146.78,7330.06,6422.97,6570.31,64.44,65.9,56.91,59.26,0.218256,0.219068,0.20526,0.206483,320.67,324.72,294.54,299.25,,
11/11/17 0:00,6570.31,6827.72,6198.56,6337,59.35,63.71,59.24,62.3,0.205948,0.214456,0.205459,0.21043,298.59,319.45,298.19,314.68,,
11/12/17 0:00,6337,6466.46,5507.29,5857.32,62.31,62.31,57.41,59.01,0.210214,0.210214,0.195389,0.197339,314.69,319.15,298.51,307.91,,
11/13/17 0:00,5857.32,6766.81,5823.86,6517.68,59.18,62.76,58.85,61.4,0.197472,0.204081,0.197456,0.203442,307.02,328.42,307.02,316.72,,
11/14/17 0:00,6517.68,6727.76,6442.4,6598.77,61.64,63.81,60.87,62.68,0.203679,0.213693,0.203679,0.209825,316.76,340.18,316.76,337.63,,
11/15/17 0:00,6598.77,7336.8,6598.77,7279,62.78,65.52,62.71,63.82,0.208937,0.213105,0.208058,0.212956,337.96,340.91,329.81,333.36,,
11/16/17 0:00,7279,7983.72,7122.46,7843.94,63.81,72.48,62.94,71.06,0.212655,0.27179,0.209287,0.227107,333.44,336.16,323.61,330.92,,
11/17/17 0:00,7843.94,7998.4,7541.04,7689.91,70.45,71.12,65.78,67.57,0.224768,0.239409,0.220273,0.226581,330.17,334.96,327.52,332.39,,
11/18/17 0:00,7689.91,7848.94,7460.11,7776.94,67.41,69.77,65.71,69.64,0.226547,0.230399,0.222399,0.228627,331.98,349.62,327.69,347.61,,
11/19/17 0:00,7776.94,8101.91,7678.37,8033.94,69.51,72.98,68.6,71.59,0.22814,0.236231,0.226037,0.231016,347.4,371.29,344.74,354.39,,
11/20/17 0:00,8033.94,8286.17,7940.87,8238.2,71.41,72.92,70.79,72.25,0.231336,0.24343,0.230917,0.238759,354.09,372.14,353.29,366.73,,
11/21/17 0:00,8238.2,8362.3,7818.5,8095.59,72.2,72.53,68.11,70.03,0.237978,0.240974,0.2272,0.233271,367.44,372.47,350.69,360.4,,
11/22/17 0:00,8095.59,8294.49,8074.53,8230.69,70.18,71.95,70.18,71.89,0.232642,0.240848,0.232317,0.238859,360.31,381.42,360.15,380.65,,
11/23/17 0:00,8230.69,8268.32,8002.64,8002.64,71.98,76.4,70.9,73.22,0.238991,0.250096,0.237304,0.242402,381.44,425.55,376.09,410.17,,
11/24/17 0:00,8002.64,8333.17,7892.68,8201.46,73.14,77.97,72.81,77.97,0.242851,0.245388,0.238421,0.244642,412.5,480.97,402.76,474.91,,
11/25/17 0:00,8201.46,8773.9,8156.75,8763.78,77.91,89.37,77.52,88.82,0.244178,0.2557,0.243584,0.252393,475.68,485.19,461.05,466.28,,
11/26/17 0:00,8763.78,9484.91,8757.36,9326.59,88.94,88.94,84.02,85.93,0.252914,0.252914,0.248589,0.248818,465.97,472.72,451.61,471.33,,
11/27/17 0:00,9326.59,9739.05,9326.59,9739.05,85.89,93.29,85.89,91.6,0.248305,0.254733,0.247861,0.253927,471.53,493.4,468.49,480.36,,
11/28/17 0:00,9739.05,9969.12,9645.88,9908.23,91.72,96.03,90.34,96.03,0.254037,0.301084,0.253415,0.299152,480.52,482.48,466.35,472.9,,
11/29/17 0:00,9908.23,11377.33,9290.3,9816.35,96.01,104.61,81.77,85.57,0.297867,0.297867,0.239409,0.243064,473.28,522.31,425.07,427.52,,
11/30/17 0:00,9816.35,10681.85,9021.85,9916.54,86.25,93.54,78.08,88.33,0.246433,0.261524,0.229586,0.250878,431.21,465.5,401.24,447.11,,
12/1/17 0:00,9916.54,10934,9421.46,10859.56,88,100.41,83.74,99,0.250352,0.258828,0.239438,0.255699,445.21,472.61,428.31,466.54,,
12/2/17 0:00,10859.56,11156.14,10000,10895.01,98.94,103.8,98.32,100.28,0.255656,0.259218,0.250756,0.255492,466.85,476.24,456.65,463.45,,